id	title	appearance	mechanism	attack	story	prompt_en
limne	골목의 물지기	짧은 남색 단발과 둥근 얼굴. 통통한 작은 성인 체형, 청록 방수 앞치마, 종아리 장화. 등보다 넓은 둥근 투명 물통 하나와 양쪽 손목의 짧은 분사구가 실루엣의 중심.	등 물통 → 굵은 호스 두 줄 → 손목 분사구. 물통 수위와 분사구 방향이 공격 상태를 보여 준다.	두 손을 아래로 펴고 허리를 숙임 → 양 손목에서 물을 쏟음 → 전방 바닥에 얕은 원형 웅덩이. 젖음·약한 지속 피해.	단수된 골목에 마지막까지 물을 날랐다. 가장 먼저 불려 나오는 수호자가 주민들의 얼굴을 가장 많이 기억한다.	A small stout adult female neighborhood water carrier, navy bob haircut, round friendly face, teal waterproof apron over cobalt work clothes, knee-high rubber boots. ONE large circular transparent water reservoir strapped to her back, visible around both shoulders, two thick blue hoses connected to short brass wrist nozzles. Clear blue water visible inside tank. Silver buckles, practical patched fabric, approachable novice rescuer.
phorkys	여섯발 펌프장	낡은 선원 모자를 쓴 넓적한 중년 남성. 넓은 턱, 흰 구레나룻, 짧은 파란 우의. 배처럼 둥근 배와 양 허리의 투명 물탱크 권총. 큰 회전 약실이 드러나며, 한 자루는 교대용 예비총이다.	권총의 회전 약실 여섯 칸이 한 칸씩 비고, 아래의 투명 물탱크에서 물을 공급받는다. 마지막 약실은 고압 수로에 연결된다.	한 자루를 들어 팔꿈치를 고정하고 짧게 여섯 번 반동 → 여섯 번째 고압탄은 직선 관통 → 손잡이 펌프를 당겨 재충전. 예비총은 교대 운용한다.	항만 펌프장이 멈췄을 때 수동으로 밤을 버틴 정비반장. 탄 수를 세며 싸우는 버릇이 있다.	Stocky middle-aged male harbor pump foreman, broad square jaw, white sideburns, battered navy sailor cap, short bright blue raincoat, round belly, sturdy sea boots. A chunky revolver with SIX transparent blue water cylinders arranged around a brass barrel secured in a large open rigid holster outside right thigh, its distinctive cylinder clearly visible. Brass hand-pump lever, silver trim, cheerful weather-beaten face.
protea	세갈래 항로사	긴 얼굴의 마른 성인 여성, 이마의 삼안 렌즈 고글, 짧은 청회색 후드. 등에는 부채처럼 벌어진 세 장의 청동 궁날. 허리에는 각각 끝 모양이 다른 세 화살통.	세 궁날과 세 화살 가이드가 직선·곡사·유도용 노즐을 각각 잡아 준다. 가면 대신 실제 조준 렌즈를 쓴다.	세 갈래 활을 앞으로 폄 → 한 번 당겨 세 가이드를 잠금 → 서로 다른 궤도의 물화살 세 발을 발사.	안개 속에서 구조선 세 척을 동시에 인도하던 항로사. 누구 하나 남기지 않으려 세 목표를 함께 겨눈다.	Tall lean adult female fog-channel navigator, long angular face, three-lens brass goggles on forehead, short blue-gray hooded capelet, indigo fitted seafarer uniform. Distinctive folded TRIPLE-LIMB bronze and aquamarine bow strapped vertically behind left shoulder, three broad fan-shaped limbs clearly rising above shoulder. Three narrow quivers with differently shaped arrowheads at hips. Practical silver fittings, calm sharp eyes.
marea	방수선 구조대장	햇볕 탄 피부, 짧은 주황 머리의 근육질 여성. 팔 없는 코발트 구조복, 한쪽 어깨의 큰 주황 구명환, 오른쪽 허리의 노출 호스 릴. 굵은 손목 보호대.	허리 릴에서 나온 납작한 소방 호스가 채찍이다. 끝의 부채 노즐이 넓은 수압 파동을 만든다.	릴 잠금을 풀고 팔을 크게 옆으로 회전 → 호스가 반원을 그리며 펼쳐짐 → 부채형 물결이 적을 밀어냄.	침수 구역에서 사람들을 끌어내던 현장 대장. 공격 후 호스를 잡아당기는 복귀 동작도 구조 작업 그대로다.	Muscular athletic adult female flood rescue captain, tanned skin, short orange cropped hair, sleeveless cobalt rescue jumpsuit, orange life ring attached to one shoulder. Large exposed blue fire-hose reel fixed outside right hip, flattened hose coiled into it, broad fan-shaped brass nozzle holstered at the opposite hip. Thick wrist braces, reinforced rubber boots, determined open face. Powerful shoulders and clearly visible mechanical hose reel.
glaukos	갑문 절단사	초록빛 수염을 짧게 묶은 거구의 남성. 어깨는 좁고 팔뚝과 장화는 거대한 배 모양 체형. 청록 잠수 작업복, 상완의 수압 피스톤. 한쪽 다리 바깥에 넓은 갈고리날 대검.	갈고리날 안쪽에 물이 흐르는 홈과 끝 분사구가 있다. 팔뚝 피스톤이 무거운 칼을 아래에서 끌어 올린다.	무릎을 굽혀 칼끝을 낮춤 → 온몸을 펴며 올려베기 → 칼날 홈의 물이 솟구쳐 직선 물기둥 참격.	무너진 갑문을 잘라 갇힌 배를 꺼내던 기술자. 잘라야 할 것은 적과 생존자 사이의 장애물뿐이라고 말한다.	Huge pear-shaped adult male sluice cutter, relatively narrow shoulders, massive muscular forearms and heavy oversized diver boots, short tied sea-green beard. Teal heavy diving work suit, visible brass hydraulic pistons on upper arms. Broad HOOK-TIPPED cleaver greatsword strapped vertically outside left leg, blade has a clearly visible blue water channel along its inner edge. Silver rivets and cobalt knee panels, practical industrial fantasy craftsmanship.
thalassa	이동 강우탑	키 큰 중년 여성, 은색 머리를 굵게 틀어 올림. 길게 갈라진 남색 작업 코트, 어깨보다 넓은 원형 관수 링을 등에 멨다. 링 아래에서 물관 여섯 줄이 치맛자락처럼 내려옴.	등의 링이 위로 올라가 살수 장치가 된다. 배낭 펌프가 고리의 작은 노즐 전체에 물을 공급한다.	양손으로 가슴의 밸브를 벌림 → 링이 머리 위로 상승 → 넓은 원형 범위에 비가 내려 젖음과 지속 피해.	화재 때 도시의 빗물 저장소를 개방했던 수리기사. 물을 아끼라는 명령보다 사람을 살리라는 부탁을 택했다.	Tall stately middle-aged female rainworks engineer, silver hair in a thick practical bun, long split navy engineering coat over fitted teal trousers. A huge circular aquamarine irrigation ring mechanically mounted on her back, wider than shoulders and visible above her head like a solid pipe halo, SIX thick hanging water tubes forming a structured skirt silhouette. Brass chest valve and compact back pump. Grounded waterproof boots, dignified capable face.
triton	항만 파도포수	넓은 가슴과 짙은 눈썹의 중년 남성, 둥글게 다듬은 흰 수염, 납작한 항만 장교 모자. 조개처럼 층진 은색 어깨 보호구. 몸통만큼 굵은 소라형 나팔 총열이 오른쪽 어깨 위로 솟는다.	등의 압력통과 나팔 총열이 연결된다. 벌어진 총구는 점탄 대신 넓은 수압 충격파를 증폭한다.	총을 어깨 받침에 걸고 몸을 뒤로 기울임 → 가슴 압력계를 잠금 → 나팔형 총구에서 직선 관통 충격파.	입항 신호를 담당했던 포수. 지금도 세 번째 발사 뒤에는 살아 있는 배가 듣기를 바라며 경적을 울린다.	Broad-chested middle-aged Black male harbor artillery officer, neatly rounded white beard, flat navy harbor officer cap, layered silver shell-shaped shoulder guards, vivid royal-blue reinforced coat. A huge spiral-conch pressure cannon mounted VERTICALLY on a rigid back cradle beside right shoulder, flared trumpet muzzle visible above shoulder, connected by blue hose to cylindrical pressure tank. Heavy sailor boots, brass chest pressure gauge, resolute face.
keto	심해 작살대장	짧게 민 옆머리와 뒤로 묶은 남색 머리, 길고 탄탄한 체형. 상어 지느러미 한 장 같은 등판, 한쪽 눈의 원형 수중 조준경. 어깨부터 발목까지 내려오는 길고 좁은 작살궁.	활 중앙의 두 압축실이 물을 길게 눌러 작살로 만든다. 작살 끝의 갈라지는 세 홈은 관통 뒤 분열을 예고한다.	활을 세워 압축실 두 개를 닫음 → 길게 당겨 물작살을 형성 → 관통 후 뒤쪽에서 세 갈래 물방울로 터짐.	심해 관측소 구조 임무에서 돌아온 잠수대장. 두꺼운 외피 뒤에 숨어 있는 목표까지 찾아낸다.	Tall athletic androgynous adult deep-sea harpoon commander, shaved sides and tied navy hair, one round aqua optical targeting lens over an eye. Streamlined indigo diving armor with ONE tall shark-fin-shaped dorsal back plate. Extremely long narrow aquamarine harpoon bow strapped vertically outside left side from shoulder to ankle, two transparent compression chambers around its central grip, three-grooved harpoon tip. Silver rib reinforcements, strong grounded boots.
galene	쌍조류 지휘관	넓은 어깨와 가는 허리의 장년 여성, 뒤로 빗어 넘긴 청회색 단발. 등 양쪽에 달린 커다란 납작 원반 수조 두 개가 나비 같은 외곽선을 만든다. 팔뚝에는 폭넓은 리본 호스.	쌍수조가 반대 방향으로 회전하며 수압을 고른다. 넓은 호스 끝에서 얇고 긴 물막이 형성된다.	두 수조를 반대 방향으로 회전 → 손목을 한 번 수평으로 튕김 → 화면에서 읽히는 넓은 반원 물막, 젖음 중첩.	폭풍 속에서도 대피선의 항로를 유지한 조류 제어사. 장비가 힘을 만들기 때문에 사람은 작고 정확하게 움직인다.	Mature broad-shouldered female tidal-control commander with a narrow waist, swept-back blue-gray bob, calm commanding face. Two enormous FLAT CIRCULAR transparent blue water reservoirs mounted left and right behind torso, giving a butterfly-like broad silhouette, visible silver counter-rotating rims. Tailored cobalt officer coat split above knees, wide flattened ribbon hoses coiled along both forearm braces, brass pressure regulators, solid boots. Functional majestic hydraulic equipment.
nerea	대수문 수호장	매우 키 큰 은발 여성. 네모난 갑문 판 두 장이 등 뒤에서 닫힌 날개처럼 서고, 큰 원형 밸브가 가슴 중앙에 있다. 남색·은색 중갑, 정강이까지 이어지는 수압 배관. 다리 바깥에 몸길이의 수문 대검.	등 갑문이 벌어져 저수압을 모으고, 가슴 밸브가 대검의 세 줄 수로를 연다. 왕관 대신 거대한 갑문 구조가 최상위 실루엣이다.	등 갑문 개방 → 양손으로 대검을 정수리 위까지 듦 → 수직 내려베기로 물벽을 방출. 세 번째 공격은 세 수로가 모두 열려 세 갈래 관통.	첫 홍수 때 몸으로 갑문을 지킨 방어망 창설자. 이름이 전설이 된 뒤에도 스스로를 문지기라고 소개한다.	Very tall legendary adult female great-floodgate guardian, long silver hair secured behind neck, powerful regal stance, richly engineered navy and silver heavy armor. TWO enormous rectangular sluice-gate plates rise behind her like closed rigid wings, broad brass circular valve centered on chest, thick blue pressure pipes run to armored shins. Body-length straight floodgate greatsword secured vertically OUTSIDE right leg with THREE clearly inset aquamarine water channels. Geometric monumental silhouette, visible human face and feet.
chispa	불씨 점검공	주근깨 많은 성인 여성 견습공. 높이 묶은 곱슬 적발, 이마에 큰 둥근 고글, 주황 작업 멜빵바지. 한쪽 팔뚝만 덮는 두꺼운 내열 장갑, 허리에는 총구가 크게 벌어진 짧은 점화총.	점화총 옆의 큼직한 부싯돌 바퀴와 작은 연료병이 탄 한 발의 출처다. 반동 받는 팔만 두껍게 보호한다.	점화 바퀴를 엄지로 돌림 → 팔을 펴 단발 화염탄 → 빈 약실을 열고 연료 캡슐 삽입. 적중 시 점화.	대피소 취사장의 불을 처음 되살린 견습공. 작은 화력이라도 꺼지지 않게 돌보는 것이 자기 일이다.	Petite adult female ignition mechanic apprentice, many freckles, bright curly red hair in a high ponytail, oversized round goggles on forehead, orange work overalls over a crimson shirt. ONE oversized heatproof gauntlet on right forearm. Short flared-muzzle brass ignition pistol in an open holster outside left thigh, large exposed flint wheel and tiny red fuel bottle attached. Sturdy short work boots, bright expressive confident face, modest practical equipment.
solana	신호불 궁수	목이 길고 날씬한 성인 여성. 위로 길게 솟은 붉은 머리매듭, 삼각 금속 귀덮개, 짧은 진홍 승마 재킷. 태양 반원 같은 황동 활과 끝이 주황 캡슐인 굵은 신호 화살.	활의 반원 열선이 화살 캡슐에 불을 붙인다. 허리의 세 연료 구획이 세 번의 점화 뒤 폭발을 시각화한다.	화살촉을 활의 점화턱에 스침 → 가슴 높이로 당겨 발사 → 불붙은 적에게 추가 적중하면 축적 연료가 폭발.	폭풍에 끊긴 대피 항로를 신호탄으로 이어 준 궁수. 가장 멀리 보이는 불이 가장 안전한 길이던 때를 기억한다.	Slender long-necked adult female signal-flare archer, tall red topknot, triangular brass ear guards, cropped crimson riding jacket with orange panels, fitted trousers and flat riding boots. Distinctive SUN-SEMICIRCLE brass bow strapped vertically outside left thigh, orange heating wire inside curved limb. Thick signal arrows with large orange capsule tips in a side quiver, three red fuel compartments on belt. Alert elegant face, clear open silhouette.
ceniza	재선 청소부	넓고 낮은 체형의 중년 여성. 짧은 회색 머리와 얼굴을 드러낸 단정한 인상, 무릎 길이의 벽돌색 내열 앞치마. 허리에는 검은 재통, 옆구리에는 커다란 납작 술이 달린 사슬솔.	열을 품은 금속 술과 재통이 채찍의 끝·연료다. 얼굴 전체를 가리지 않아 성격이 읽힌다.	상체를 낮추고 사슬솔을 바닥으로 쓸어 보냄 → 낮은 잿불 파동 → 바닥의 잔불이 지속 피해와 점화를 남김.	불탄 거리에서 길을 치우던 청소반장. 살아 있는 사람이 지나갈 한 줄을 남기기 위해 싸운다.	Short broad middle-aged female ash sweeper, cropped gray hair, white dust respirator covering mouth only with visible kind eyes. Brick-red heatproof knee-length apron over orange workwear, reinforced thick boots. Large black ash canister fixed at hip, heavy chain BRUSH with a broad flattened tassel of copper metal bristles neatly coiled and secured outside opposite thigh. Heat shields on shins, soot confined to hems, bright readable material colors.
igni	열선 절단검사	각진 턱, 뒤로 빗은 검붉은 머리의 날렵한 남성. 허리 위에서 끝나는 빨간 작업 재킷, 커다란 한쪽 황동 어깨판. 넓고 곧은 도검의 등쪽에는 굵은 붉은 열선 하나.	손잡이의 방아쇠를 잡으면 열선이 칼날 전체를 가열한다. 어깨판은 횡베기 뒤로 튀는 불꽃을 막는다.	검을 몸 뒤로 빼며 열선 점등 → 허리를 돌려 크게 횡베기 → 부채형 화염 참격과 짧은 잔불 선.	무너진 전차 문을 절단해 승객을 꺼내던 검사. 허세 섞인 인사 뒤에는 늘 탈출로부터 확인한다.	Lean athletic adult male thermal cutting swordsman, angular jaw, slicked-back dark red hair, cropped vivid red work jacket, ONE large brass shoulder heat shield, fitted charcoal trousers with orange seams. Broad straight saber in an open rigid sheath secured vertically outside left leg, ONE thick glowing-red heating cable along the blade spine, trigger grip visible. Asymmetric protective armor, practical boots, slightly cocky smile.
volcan	지열 파쇄장	짧게 뻗친 검은 머리, 넓은 코와 검은 수염의 매우 큰 남성. 둥근 용광로 배갑, 목 뒤 짧은 굴뚝 두 개, 손보다 몇 배 큰 직육면체 황동 주먹 두 개. 진홍 작업복과 돌처럼 두꺼운 무릎 보호구.	등 보일러가 팔의 피스톤을 밀고, 네모난 주먹의 바닥 노즐이 지면에 열을 주입한다.	두 팔을 들어 피스톤 잠금 → 무릎을 굽혀 양 주먹을 내리찍음 → 전방 균열을 따라 불길이 순서대로 솟음.	지하 난방관을 놓던 공사 책임자. 붕괴된 지하도에 공기를 넣기 위해 처음으로 땅을 공격했다.	Enormous bald adult male geothermal demolition foreman, broad nose, short black beard, round furnace belly armor, TWO short chimney pipes behind neck. Two gigantic rectangular brass piston gauntlets, several times larger than hands, with heat nozzles on lower faces. Crimson industrial coveralls, orange boiler windows, stone-thick knee guards and broad work boots. Very broad square industrial silhouette, friendly stubborn human face.
carmen	쌍화구 기동수	곱슬 검은 머리를 두 갈래 짧게 묶은 성인 여성. 활달한 표정, 붉은 짧은 볼레로와 부채처럼 갈라진 방열판 허리 장식. 허리 양옆에 굵은 쌍권총, 양쪽 허벅지에 주황 탄창.	쌍권총이 번갈아 열을 내보내고 허리 방열판이 한 발씩 펴진다. 프릴처럼 보이는 형태 자체가 냉각 장치다.	양팔을 번갈아 뻗어 속사 → 방열판이 좌우 교대로 열림 → 과열 때 두 총을 바깥으로 꺾어 증기 배출.	피난 행렬의 옆길을 혼자 막던 호위대원. 사람들이 발걸음을 멈추지 않도록 총성을 일정하게 맞춘다.	Athletic adult female dual-pistol escort, lively face, curly black hair in two short side bunches, cropped red bolero over orange protective bodice, fitted riding trousers. Fan-shaped COPPER COOLING FINS around hips like a short mechanical ruffle, two chunky crimson pistols secured in open outer-thigh holsters, orange ammunition magazines strapped to both thighs. Compact heat vents, sturdy boots, energetic elegant industrial fantasy design.
saeta	유성 신호장	키 크고 마른 장년 여성, 긴 검은 머리를 낮게 묶음. 얼굴을 드러낸 주황 관측 후드, 깔때기형 어깨 보호구. 등에 높게 솟은 대형 신호 로켓통, 다리 옆에는 길고 굽은 중궁.	화살 대신 소형 신호 로켓을 얹는 활 받침이 크고 두껍다. 등 로켓통의 캡과 화살촉이 같은 형상이다.	시선을 위로 올리고 중궁을 높게 당김 → 무거운 불화살을 포물선으로 발사 → 떨어진 곳에 원형 화상 장판.	산간 역에서 밤하늘에 구조 좌표를 올리던 관측관. 밝은 궤적을 보면 아직 구조를 기다리는 사람이 있다는 뜻이다.	Very tall slender mature female meteor-flare observer, long black hair tied low, orange observation hood pushed back revealing face, funnel-shaped copper shoulder guards, red long split field coat. SIX tall signal-rocket tubes mounted visibly above back, broad orange rocket caps. Long heavy recurved brass bow strapped vertically outside leg with a wide rocket cradle at grip. Observation lenses at belt, solid flat boots, vigilant serious eyes.
candela	방화륜 수도사	민머리의 건장한 장년 여성. 짧은 진홍 수도 작업복, 그을린 금색 목가리개, 허리를 둘러싼 큰 여덟 칸 버너 링. 링 한쪽에 둥글게 감긴 굵은 쇠사슬과 방염 장갑.	허리 버너가 사슬을 통과시켜 점화한다. 원형 링과 굽 없는 넓은 신발이 회전 공격을 지지한다.	사슬을 버너에 스쳐 점화 → 한 발을 축으로 몸통 회전 → 자기 주변 360도 화염 고리, 원위치로 복귀.	성당 급식소 화덕을 지키던 수도사. 자신을 중심으로 안전한 원을 만들고 사람들을 그 안으로 부른다.	Sturdy mature bald female firebreak nun-engineer, warm stern human face, short crimson monastic work tunic over orange padded trousers, scorched gold gorget. Huge EIGHT-SEGMENT brass burner ring around waist, heavy iron chain coiled neatly and fastened on one side of ring, heatproof gloves. Broad flat pivot-friendly boots, compact sleeves leaving elbows articulated. Circular mechanical waist silhouette and bold red-gold palette.
estoque	한점 용해기사	길고 마른 장년 남성, 짧은 흰 콧수염, 한쪽 눈의 붉은 조준 렌즈. 투우복처럼 짧고 몸에 붙는 진홍 갑옷, 오른쪽 어깨에서 팔목까지 길게 뻗은 가속 피스톤. 매우 길고 가는 창검.	굵은 손잡이 뒤 가속 피스톤과 바늘 같은 칼끝이 한 점에 열을 모은다. 망토 대신 팔의 긴 직선이 특징이다.	한쪽 발을 깊게 빼고 검끝 조준 → 피스톤을 펴며 한 걸음 찌르기 → 얇고 긴 관통 열선. 복귀 때 피스톤 재압축.	두꺼운 피난문을 최소한의 절단면으로 열던 공병 기사. 큰 불로 주변까지 태우지 않고 필요한 한 점만 녹인다.	Tall wiry mature male precision heat-lance knight, short white mustache, one red targeting monocle, fitted cropped crimson armor reminiscent of a matador jacket, restrained gold seams. A LONG brass acceleration piston runs from right shoulder to wrist, slender needle-like thrusting sword secured vertically outside left leg, oversized heat-insulated grip, tiny red-hot point. Long straight engineering silhouette, close-fitting trousers and riding boots, disciplined expression.
brasa	사람을 품는 노심	큰 덩치의 장년 여성, 짧은 흰 머리, 짙은 눈썹. 가슴의 둥근 주황 노심 창, 등을 둘러싼 크게 펼쳐지는 꽃잎 모양 용광로 문, 무릎 길이 진홍 방열 외투. 양손에는 두툼한 잠금 손잡이 장갑.	등의 큰 방열문과 가슴의 노심이 연결된다. 장갑을 맞물리면 모든 문이 한 번에 열리는 긴급 배기 구조다.	발을 넓게 고정하고 양손 잠금을 누름 → 등 방열문 동시 개방 → 바닥 방향의 원형 화염 폭발과 불바다. 배기 뒤 문을 다시 닫음.	첫 대피소의 보일러를 지키던 수석 기관사. 강력한 수호자의 기록에도 사람을 데우던 본래 목적이 남아 있다.	Massive broad mature female legendary furnace guardian, short white hair, thick eyebrows, reassuring human face. Monumental crimson and brass armored heatproof coat to knees, large round ORANGE REACTOR WINDOW on chest. SIX enormous petal-shaped solid furnace doors arranged behind torso like a mechanical flower, dark red outer panels and orange ceramic inner edges, all closed at rest. Thick locking-handle gauntlets, huge anchored boots, majestic functional silhouette, fully clothed.
lind	서리줄 견습	마른 성인 남성, 코를 드러내는 짧은 흰 목도리, 삐죽한 민트 머리. 두툼한 하늘색 누빔 조끼에 가는 팔다리. 허리의 커다란 육각 릴과 굵은 얼음 마디가 달린 짧은 사슬.	육각 릴이 사슬 마디를 차게 만든다. 몸은 작아도 끝의 투명한 세 마디가 타격 지점을 분명히 보여 준다.	팔꿈치를 접어 사슬을 당김 → 짧게 앞으로 후려침 → 세 얼음 마디가 연달아 닿아 결빙을 쌓음.	빙고 창고 문을 잠그던 막내 관리인. 서리줄을 쳐 물자가 굴러 떨어지는 것을 막던 기술을 적에게 쓴다.	Thin lanky adult male frost-line apprentice, spiky mint hair, short cream scarf leaving nose and face visible, bulky pale blue quilted vest, slim limbs, silver-blue work trousers. Large HEXAGONAL reel on belt holding a short metal chain with THREE chunky translucent ice segments at its end, neatly docked outside hip. Frostproof mitt cuffs with fingers visible, small sturdy boots, earnest angular face.
jokull	빙판 개척검사	흰 수염이 턱을 네모나게 감싼 거구 남성. 북극곰처럼 둥근 후드, 넓은 백청색 어깨, 작은 은색 눈. 한쪽 다리 바깥의 넓은 삽날형 빙검, 정강이에 세로 얼음날.	삽날처럼 넓은 검 바닥이 냉각액을 퍼뜨린다. 정강이의 얼음날은 빙판에서 자세를 고정하는 지지대다.	검을 어깨 위로 올림 → 대각선으로 길게 베며 냉각액 방출 → 지나간 선에 넓은 빙판 감속 구역.	겨울 산길에 구조 통로를 내던 개척대원. 넘어질 사람을 위해 미끄러운 길에도 반드시 발 디딜 곳을 남긴다.	Enormous adult male ice-path pioneer, square white beard, round polar-bear-like padded hood, very broad pale cyan shoulders, small silver eyes. Wide SPADE-SHAPED ice greatsword secured vertically outside left leg, broad flat translucent blue blade with coolant channels. Three vertical ice crampon fins on each shin, quilted silver-blue exploration suit, giant boots, warm rugged face, clean chunky silhouette.
vidarr	동결 말뚝공	짧은 갈색 머리의 과묵한 거인, 작은 귀와 네모난 턱. 한쪽 장화가 허벅지 폭만 한 사각 압착기이고 반대쪽은 보통 장화. 등에 큼직한 흰 냉각 탱크, 푸른 호스가 거대한 장화로 내려간다.	큰 장화 밑면의 방사형 노즐이 냉기를 땅으로 밀어 넣는다. 다리 크기의 비대칭이 발구르기를 예고한다.	큰 무릎을 가슴 쪽으로 들며 탱크 압축 → 바닥을 세게 밟음 → 전방 부채꼴 동결 지대. 반대발로 균형 회복.	붕괴 직전의 교각 아래를 얼려 대피 시간을 벌었다. 말 대신 자기 발이 버티는 곳을 가리킨다.	Huge bald adult male cryogenic foundation worker, square jaw, small ears, quiet human face. EXTREME ASYMMETRY: left boot is an enormous square industrial cold-stamping press as wide as his thigh, right boot normal sized. Large white-and-cyan cooling tank on back, thick turquoise hose visibly descending to giant boot. Pale blue insulated overalls, compact upper body armor, bare articulated hands. Heavy blocky silhouette grounded on both feet.
kari	백무 산탄수	작은 체구의 성인 여성, 짧게 자른 백금 머리, 이마의 넓은 방한 고글. 얼굴은 노출하고 목에 짧은 필터 마스크. 각진 하늘색 재킷과 커다란 이중 냉기 총구, 허리의 서리 캡슐 세 병.	나란한 두 총구 안에 다공성 분사판이 있다. 넓은 총구 형태가 단일 저격이 아닌 산탄임을 보여 준다.	총을 가슴 높이에 붙여 겨눔 → 양 총구를 동시에 열어 냉기 산탄 → 짧은 부채꼴 다중 적중과 결빙 중첩.	냉동 창고 연무 속에서 길을 찾던 경비원. 보이지 않는 적을 무작정 쫓지 않고 가까운 공간부터 확보한다.	Compact adult female white-fog shotgun guard, short platinum cropped hair, wide ski goggles pushed onto forehead, face clearly visible, short filter mask resting at neck. Angular sky-blue cropped insulated jacket, three frosty coolant canisters on belt. Large TWIN WIDE-MOUTH cryogenic shotgun secured upright in an open rigid outer-thigh carrier, perforated frost-blue muzzle plates, silver metal body. Thick knee pads, short snow boots, focused practical appearance.
eira	눈송이 추적궁수	길고 유연한 체형의 여성, 땋은 흰 머리 끝 두 갈래, 뾰족한 여우 귀 모양 방한 모자. 허리까지 짧은 백청 망토. 육각 눈송이 고리가 박힌 활, 부채로 접히는 화살촉.	활 중앙의 육각 틀에서 눈 결정 화살촉을 만든다. 화살촉 여섯 장이 펼쳐져 작은 눈보라의 범위를 만든다.	화살촉을 육각 틀에 대어 결정 생성 → 활시위를 귀까지 당겨 발사 → 착탄 후 여섯 조각이 돌아 작은 눈보라.	설원에서 실종자의 발자국을 찾던 추적자. 적의 발도 눈 위에서 오래 멈추게 만든다.	Tall flexible adult female snow-trail archer, white hair in two long braids, pointed fox-ear-shaped pale blue winter cap, short white-blue capelet ending at waist. Beautiful silver bow with a large HEXAGONAL SNOWFLAKE ring at its grip, strapped vertically outside left side, broad folding six-petal arrowheads in side quiver. Fitted cyan ranger clothing, fur-trimmed flat boots, clear alert face, no animal companion.
snorri	빙쇄 인양장	둥근 얼굴과 굵은 금발 콧수염의 살집 있는 남성. 어깨보다 배가 넓은 하늘색 방한복, 등 위의 큰 인양 도르래, 양 허리의 굵은 체인 휠. 끝이 닻처럼 벌어진 얼음 사슬.	등 도르래와 양 허리 윈치가 사슬을 회수한다. 닻 모양 끝은 때리는 것뿐 아니라 끌어당기는 용도를 드러낸다.	사슬 닻을 낮게 던지듯 휘두름 → 얼음 고리가 적에게 걸림 → 몸을 뒤로 젖히며 윈치 회수, 짧은 당김과 서리 파동.	얼음에 갇힌 짐과 사람을 함께 끌어올리던 인양공. 무거울수록 웃으며 다른 사람부터 손을 놓게 한다.	Round stout adult male ice-salvage winch master, broad friendly face, thick blond mustache, sky-blue insulated snowsuit wider at belly than shoulders. ONE large salvage pulley rising behind head, two heavy silver chain wheels at hips, thick ice-segment chain neatly coiled with a broad ANCHOR-SHAPED ice hook docked beside right thigh. Oversized grippy snow boots, brass crank handles, cheerful robust industrial fantasy character.
helga	교차 빙벽기사	넓은 턱과 짧게 땋은 백발의 근육질 여성. 좌우로 갈라진 은청 갑옷, 등에 X자 냉각 프레임. 허벅지 바깥 양쪽에 똑같은 쐐기형 빙검 두 자루.	두 검과 등 X자 프레임이 같은 교차 구조를 공유한다. 검 두 자루가 있어 X자 이중 참격을 몸동작으로 납득시킨다.	양손 검을 양쪽 어깨로 들음 → 교대로 대각선 두 번 베기 → 두 냉기 참격이 교차한 지점에서 파편 폭발.	빙벽 사이 좁은 통로를 맡았던 방패대장. 두 손으로 길의 양쪽을 막는 기술을 검으로 이어 받았다.	Muscular adult female cross-ice knight, broad jaw, short white braids, silver-and-cyan segmented armor split into two clean halves. Rigid X-SHAPED cooling frame visibly rising behind shoulders. TWO matching wedge-shaped translucent ice swords in open scabbards secured vertically outside both thighs. Broad articulated shoulder plates, short armored skirt panels over trousers, steel snow boots, composed battle-scarred human face.
sigrid	육각 설풍 설계사	매우 키가 크고 곧은 여성, 짧은 은발과 수평 눈썹. 아래로 갈수록 넓어지는 백청 코트. 등 뒤 육각형 냉각 프레임, 양 어깨에 날카로운 터빈 덮개, 손목에 원반형 풍향 조절기.	등 다각 프레임에 장착된 대형 터빈이 냉기를 순환시킨다. 치마처럼 갈라진 코트 패널도 공기 통로를 비운다.	손목 원반을 바깥으로 돌림 → 등 터빈 네 개 가동 → 지정 구역의 회전 눈보라. 마지막에 터빈을 급정지시켜 얼음 파편 방출.	붕괴한 냉각탑의 바람길을 다시 설계한 공학자. 사람이 숨 쉴 공간만큼은 얼리지 않도록 제어한다.	Very tall upright adult female snowstorm architect, short silver hair, straight brows, elegant pale cyan flared engineering coat with separated geometric panels. Huge HEXAGONAL cooling frame behind her, six angular turbine housings at its corners, visible above and beside shoulders. Circular wind-direction controller discs attached to wrists. Silver insulation piping, fitted blue trousers and grounded boots. Precise symmetrical architectural silhouette, face uncovered.
frosti	정지점 저격수	길고 가는 장년 남성, 빗어 넘긴 흰 머리와 움푹한 뺨. 긴 백청 저격 코트, 오른팔을 둘러싼 투명 냉각 지지틀. 어깨 너머 높게 솟는 긴 유리 총열, 반대 어깨의 육각 탄창함.	총열 전체의 투명 냉각재와 팔 고정틀이 한 발을 흔들림 없이 얼려 보낸다. 볼트 손잡이가 크게 노출된다.	왼손으로 볼트를 당겨 서리 탄 장전 → 지지틀을 잠가 호흡 정지 → 한 발 저격, 적의 짧은 완전 정지 → 볼트 후퇴.	혹한 관측소에서 구조 로프 끝만 정확히 맞히던 명사수. 움직임이 멈추는 순간을 오래 기다릴 줄 안다.	Tall very lean mature male cryogenic marksman, swept white hair, hollow cheeks, long pale blue sniper coat. Right arm enclosed in a transparent angular coolant support brace with visible hand inside. Extremely LONG GLASS-JACKETED sniper rifle secured vertically on back beside left shoulder, exposed oversized bolt handle, pale cyan coolant clearly visible inside barrel jacket. Hexagonal ammunition case at opposite shoulder, steady human eyes, grounded insulated boots.
isa	최후의 빙문 궁장	큰 키의 여성, 은백 머리를 높은 한 줄로 묶음. 두꺼운 얼음 결정 어깨와 날씬한 허리, 등 뒤로 높이가 다른 세 기둥 결정 냉각탑. 다리 바깥의 사람 키만 한 거대 활, 중앙에는 긴 수정 화살 레일.	세 냉각탑이 긴 화살 레일로 냉기를 모아 거대한 고드름을 키운다. 날개 장식 대신 작동하는 저장 탑을 쓴다.	등 탑 세 개가 차례로 밝아짐 → 온몸을 뒤로 기울여 거대 활 만작 → 굵은 고드름 관통. 착탄 후 낮은 얼음 기둥들이 솟아 감속·결빙 구역 형성.	마지막 산악 대피로의 빙문을 세운 수호장. 길을 봉쇄하는 힘으로 사람에게 열어 줄 시간을 만든다.	Very tall legendary adult female frostgate grand archer, silver-white hair tied high into one long tail, massive angular translucent ice shoulder armor, narrow armored waist. THREE towering crystal cooling columns of unequal height mounted behind her, striking stepped skyline silhouette. Person-height giant silver and cyan bow strapped vertically outside right side, long crystal arrow guide rail at center. White-blue articulated plate armor, grounded crystal-reinforced boots, strong calm face.
brigid	전선 활 견습	둥근 눈과 짧은 보라 머리의 성인 여성. 연두색 짧은 절연 조끼, 커다란 흰 세라믹 팔꿈치 보호대. 등 밖으로 드러난 작은 U자 활과 양 끝의 구리 전극 공 두 개.	활 양끝의 두 전극 사이에서 화살에 전기를 충전한다. 화살촉 뒤의 갈고리 한 개가 첫 연쇄 연결을 예고한다.	활시위를 당겨 두 전극 사이를 밝힘 → 짧은 방전 화살 → 맞은 적에서 가까운 적 하나로 번개 도약.	끊긴 전선에 임시 연결줄을 쏘던 수습 기사. 아직 먼 곳까지는 못 잇지만 바로 옆 한 사람은 놓치지 않는다.	Small adult female electrical line-archer apprentice, round attentive eyes, short violet hair, cropped lime-green insulated vest, oversized white ceramic elbow guards. Small U-SHAPED bow with TWO large copper electrode spheres at its tips strapped vertically behind left shoulder, visible outside body. Short copper arrow quiver with hooked arrowheads, purple trousers, rubber-soled boots, practical bright novice design.
rhiannon	활선 연결수	길고 가는 성인 여성, 뻗친 보라색 옆머리와 낮은 검은 묶음머리. 짧은 연두 절연 재킷, 목에서 허리로 흐르는 굵은 전선 두 줄. 한쪽 허리의 구리 릴과 집게 세 개 달린 케이블 끝.	채찍 끝 세 집게가 적 사이에 임시 전선을 건다. 절연 장화와 팔 보호대가 방전의 안전한 경로를 보여 준다.	전선 릴을 풀며 수평으로 휘두름 → 집게가 적들을 연결 → 연결된 적 사이로 연속 방전, 손잡이 회수로 종료.	꺼진 골목의 전등을 하나씩 이어 켜던 배선공. 연결된 것들이 함께 버틴다는 믿음을 공격 기술로 쓴다.	Tall slender adult female live-wire technician, black hair tied low with spiky violet side locks, short lime electrical jacket. TWO thick violet cables running from collar to hips, large copper cable reel on one hip, THREE large copper crocodile clips clustered at the cable tip docked outside opposite thigh. White ceramic forearm guards, heavy insulating purple boots, visible thoughtful face, long flowing cable silhouette kept neat.
finn	축전 속검수	앳된 인상의 성인 남성, 짧게 솟은 연두 머리. 몸에 맞는 보라 경량 재킷, 허리 양쪽의 굵은 원통 축전기 두 개. 짧고 넓은 검, 팔꿈치에는 튕겨 펴지는 용수철 관절.	두 축전기가 한 번씩 검으로 방전한다. 짧은 검과 팔의 용수철이 빠른 두 번 찌르기를 만든다.	양 축전기 점등 → 팔꿈치를 연속 두 번 펴 찌르기 → 짧은 전격 참격 두 개 → 용수철 자동 복귀.	달리는 전차에 전력을 넘겨 주던 기동 정비공. 망설이기 전에 손이 먼저 나가지만 두 번째 동작은 정확하다.	Youthful-faced ADULT male capacitor speed swordsman, short upright lime hair, fitted purple lightweight jacket, TWO chunky cylindrical lime-and-copper capacitors at hips. Short broad straight sword in an open outer-thigh scabbard, exposed spring-loaded elbow joints around natural arms. Slim athletic body, short rubber racing boots, ceramic trim, quick confident human expression. Compact energetic silhouette, adult proportions.
donn	낙뢰 접지공	굽은 등과 키 큰 머리 윤곽의 노년 남성. 길게 묶은 흰 수염, 어깨를 덮는 보라 작업 망토. 등에서 안테나처럼 솟은 한 개의 매우 긴 삼지 피뢰침, 큰 구리 손바닥판.	등 피뢰침으로 모은 전하를 손바닥판으로 지면 표식에 보낸다. 두꺼운 접지선은 장화 뒤까지 이어진다.	손바닥을 펴 접지 표식 전개 → 등 피뢰침에 전하 집중 → 표식으로 낙뢰. 젖은 적이 있는 지점 우선.	번개가 치는 날에도 꼭대기 전선을 점검하던 접지공. 위험한 전류가 사람을 피해 흐를 길을 먼저 만든다.	Elderly male lightning grounding engineer with stooped shoulders but upright standing posture, long tied white beard, violet work mantle covering shoulders. ONE exceptionally tall THREE-PRONG copper lightning rod on backpack rising high above head, large round copper palm plates attached to open hands, thick grounding cables down the backs of his purple rubber boots. Lime insulating panels, deeply lined kind face, narrow tall antenna silhouette.
conor	오연발 점검관	짙은 피부와 각진 얼굴의 성인 남성, 짧은 보라 플랫톱 머리. 연두색 가죽 정비 재킷, 가슴의 큰 다섯 칸 축전 표시기. 허리의 네모난 전격 권총, 손등에서 탄창으로 가는 구리 선.	가슴 다섯 칸이 같은 대상 적중 때 하나씩 켜진다. 권총 위의 쌍전극이 충전된 전하를 마지막 탄에 싣는다.	한 손으로 짧게 다섯 번 사격 → 가슴 표시 다섯 칸 완등 → 다섯 번째 적중에서 집중 감전 폭발.	전차 배터리를 검사하던 순회 기사. 숫자를 끝까지 확인한 뒤에야 괜찮다고 말하는 성격이다.	Dark-skinned athletic adult male electrical inspection officer, angular face, short violet flat-top hair, lime-green leather maintenance jacket. Large FIVE-SEGMENT horizontal capacitor meter on chest, chunky rectangular copper-and-purple electric pistol in open outside-thigh holster with twin top electrodes. Visible copper line from back of hand to hip battery, neat ceramic knuckle plates, rubber work boots, dependable serious eyes.
niamh	삼각 중계궁장	높은 광대와 짧은 비대칭 은발의 여성. 연두·보라 사냥 재킷, 목 둘레에 삼각 접힌 절연 칼라. 등 위로 삼각형을 만드는 전극 세 개, 양 날이 세 갈래로 갈라진 활.	등의 세 전극이 세 발의 화살에 순서대로 전하를 배분한다. 갈라진 활 끝은 연쇄되는 번개 형상을 반복한다.	어깨 전극을 차례로 켬 → 같은 자세에서 화살 세 발 속사 → 각 화살이 인접 적을 최대 두 번 잇는 연쇄.	산봉우리 중계탑을 잇던 통신 궁수. 한 곳이 끊겨도 다음 연결 지점을 즉시 찾아낸다.	Athletic adult female relay-network archer, high cheekbones, short asymmetrical silver hair, lime and violet ranger jacket, triangular folded insulated collar. THREE large copper electrode nodes forming a clear triangle above back, bow with three-pronged forked limbs strapped vertically outside left side. Three narrow purple arrow tubes at hip, white ceramic fittings, sturdy climbing boots, watchful uncovered face, sharp triangular silhouette.
morrigan	회전 전망 감시관	큰 체구의 여성, 짧게 땋은 검은 머리, 넓은 보라 어깨 갑옷. 깃털처럼 겹친 연두 절연판, 머리 위까지 올라오는 U자 안전 프레임. 허리에는 두꺼운 구리 사슬 코일.	등 U자 프레임이 머리 위 사슬 회전 공간을 확보한다. 깃털 같은 판들은 안쪽 몸을 보호하는 절연 가드다.	한 팔을 머리 위로 올려 사슬 회전 → 원 안으로 방전이 퍼짐 → 사슬 속도가 줄며 짧은 마지막 파동, 릴에 회수.	야간 송전탑의 순찰 책임자. 피난소 주변에 아무도 뚫고 지나가지 못할 전기 울타리를 세운다.	Large powerful adult female rotating-grid sentry, short black braids, broad purple shoulder armor layered with feather-shaped lime ceramic insulation plates. Tall U-SHAPED safety support frame rises behind head providing overhead chain clearance. Thick copper chain coiled into a prominent belt reel, sturdy forearm protection, grounded heavy rubber boots. Clear strong human face, shield-like broad industrial silhouette, metallic plates rather than real feathers.
caden	삼단 뇌검기사	은색 가시 머리와 눈썹 위 흉터의 남성. 가슴이 좁고 어깨가 날카로운 연두 경갑. 오른팔 바깥에 계단처럼 놓인 세 축전기, 세 홈이 파인 분절형 검.	팔의 축전기 세 개와 검의 세 홈이 각 타격에 대응한다. 세 번째 회로만 검끝의 갈라진 전극에 연결된다.	손목·팔꿈치·어깨 순서로 세 번 베기 → 세 축전기 순차 소등 → 마지막 참격이 인접 두 적으로 갈라짐.	정전 중 멈춘 승강기를 재시동한 기동대장. 세 단계를 생략하지 않는 습관 덕에 무모한 돌격에서도 살아 돌아왔다.	Lean athletic adult male triple-stage lightning knight, silver spiky hair, scar above eyebrow, narrow chest and pointed lime armor shoulders over purple undersuit. THREE stepped copper capacitors mounted along outside of right arm, segmented sword with THREE purple inset channels and a forked tip secured vertically outside left leg. Precise articulated ceramic joints, angular boots, concentrated human face, sharp stepped silhouette.
lugh	도시 송전관	매우 키 큰 중년 남성, 짧은 흰 수염과 뒤로 넘긴 금발. 보라 장교 코트 위의 대형 구리 어깨 코일 두 개. 등 위에서 아치로 이어지는 굵은 송전선과 꼭대기의 세 갈래 송신기.	양 어깨 코일이 넓은 지역의 접지 표식으로 전류를 분배한다. 등 아치가 다중 낙뢰의 큰 공급원을 보여 준다.	양팔을 크게 열어 두 코일 충전 → 손을 아래로 누르며 표식 일괄 점등 → 넓은 원형 지역에 순차 다중 낙뢰.	도시 전력망을 끝까지 나누어 공급한 총괄 기사. 한 사람이 모든 빛을 독차지하지 않도록 설계했던 힘이다.	Very tall broad middle-aged male city-grid commander, swept blond hair, short white beard, violet officer coat. TWO enormous copper shoulder coils with lime ceramic cores, thick transmission cable arch connecting them above the back, THREE-PRONG transmitter at top of arch. Clean brass chest busbars, purple armored trousers, grounded boots, commanding humane face. Monumental symmetrical electrical-engineering silhouette, visible physical hardware.
brian	최후 송전포장	장년 남성, 짧은 회색 머리와 반쯤 감긴 눈. 짧은 보라 중갑 코트, 왼쪽 어깨의 커다란 둥근 축전기. 오른팔 전체는 두 개의 긴 평행 레일과 큰 구리 코일로 된 포 의수, 손끝 대신 열린 두 총열.	반대 어깨 축전기 → 가슴 전력선 → 오른팔 레일. 열린 쌍레일 사이로 탄이 가속되므로 발사 방향이 명확하다.	두 발의 접지핀 고정 → 포 의수를 목표로 들어 레일을 충전 → 직선 관통 뇌격 → 코일 방열 후 팔을 내림.	주 전력선이 끊기자 자기 장비를 임시 송전선으로 쓴 수석 기사. 남은 한 번의 전류도 허투루 쏘지 않는다.	Legendary mature male last-transmission railgun guardian, short gray hair, half-lidded steady eyes, cropped purple heavy armored coat. Huge ROUND lime-and-copper capacitor on LEFT shoulder. Entire RIGHT arm is a mechanical cannon prosthesis with TWO long parallel open rails and huge copper coils, twin prongs instead of fingers, integrated arm extends horizontally in T-pose. Thick power bus across chest, grounding pins on massive boots. Distinctive asymmetrical silhouette, fully visible face.
pip	한톱니 정비인형	가슴 높이 정도의 작은 사람형 목제 작업 인형. 둥근 흰 얼굴판에 검은 두 눈과 점 하나, 짧고 굵은 팔다리. 가슴의 큰 톱니바퀴 한 개, 허리 바깥의 짧은 톱검, 무채색 작업 조끼.	가슴의 단일 태엽 톱니가 팔을 반복 왕복시킨다. 톱검의 큰 이빨이 작은 몸에서도 공격 부위를 읽히게 한다.	태엽 한 칸 회전 → 팔을 짧게 앞으로 베기 → 즉시 원위치 복귀. 빠르고 소박한 무속성 참격.	카지노 수리용으로 만들어졌지만 피난민들이 붙여 준 이름을 가장 소중히 여긴다. 자기 키보다 낮은 틈을 맡는다.	Small waist-high humanoid wooden maintenance automaton, round ivory faceplate with TWO black eyes and one small dot, short chunky limbs. ONE large exposed brass clockwork gear centered in chest, ivory and graphite work vest, short wide saw-toothed sword secured vertically outside hip. Wooden articulated fingers and feet, charming practical toy-like construction, single clearly readable gear and saw silhouette, restrained brass accents without elemental glow.
mimic	압착 구조인형	둥근 배와 네모난 어깨가 맞물린 통통한 백색 구조 인형. 얼굴에는 반원 웃음 표시. 가슴이 큰 사각 압착판이고, 양 팔뚝에도 작은 사각 판. 등에 접혀 붙은 두 개의 기계 지지대.	가슴 압착판과 팔의 판이 같은 유압 구조로 움직인다. 모방 능력 대신 눈에 보이는 충격 공구로 무속성을 설명한다.	양팔을 뒤로 당겨 압축 → 손바닥판을 앞으로 밀어 충격파 → 전방 작은 원형 범위의 무속성 피해.	카지노 물품을 운반하던 인형이 압착기를 바꿔 달았다. 사람을 안을 때는 압력을 가장 낮은 칸에 둔다.	Stout round-bellied ivory rescue automaton with square shoulders, friendly semicircular smile on simple faceplate. Huge SQUARE PRESS PLATE centered in chest, matching smaller square hydraulic plates mounted on both forearms. TWO folded mechanical braces secured flat to back. Ivory painted metal, graphite joints, restrained brass pistons, chunky articulated hands and flat feet. Cheerful compact mechanical silhouette, solid physical construction, no elemental effects.
dummy	삼실린더 경비인형	긴 코 모양 얼굴판과 둥근 검은 눈의 키 큰 인형. 흰 셔츠를 흉내 낸 외장, 짧은 회색 조끼, 드러난 둥근 팔 관절. 오른쪽 다리 바깥에 구멍 세 개가 세로로 난 긴 공압총.	등의 작은 압축통 세 개가 총의 세 약실에 연결된다. 동일한 세 실린더가 3점사임을 예고한다.	머리가 먼저 목표를 향함 → 총을 들어 정확히 세 번 반동 → 약실 세 개가 차례로 열리며 배기.	카지노 폐장 뒤를 순찰하던 경비 인형. 정해진 길을 벗어나지 못하던 몸이 지금은 피난 통로를 지킨다.	Tall lanky humanoid casino security automaton, long nose-shaped ivory faceplate, round black eyes, painted white-shirt torso and short gray waistcoat, exposed circular wooden shoulder and elbow joints. Long pneumatic rifle with THREE vertically arranged chamber windows secured upright outside right leg, three small compressed-air cylinders on back connected by graphite tubes. Brass hinges, long flat mechanical feet, attentive face, elegant simple physical silhouette.
echo	복시 계측궁수	짧은 회색 머리와 한쪽 확대 렌즈의 성인 여성. 팔꿈치를 드러낸 흰 계측 재킷과 흑연색 바지. 몸 옆에 길게 노출된 은색 분절 활, 활 중앙의 황동 시위 잠금부, 분리된 두 화살 수납부.	분절 활의 황동 그립 안에 재장전용 태엽과 시위 잠금부가 있다. 첫 당김에서 보조 장력을 저장하고, 첫 발 뒤 한 번 더 시위를 걸어 놓는다. 전투 모델에서는 잠금부의 짧은 왕복을 강조한다.	시위를 당겨 첫 화살 발사 → 그립의 태엽이 시위를 다시 잠금 → 잠깐 뒤 약한 두 번째 화살. 기본 활 동작 뒤 짧은 재장전·재발사를 붙인다.	대피소 치수를 재던 계측기사. 첫 기록이 틀릴 수 있어 언제나 한 번 더 확인하던 버릇이 무기가 됐다.	Adult female double-shot surveying archer, short gray hair, one large monocular magnifying lens, tailored ivory surveyor jacket and graphite fitted trousers. Small articulated BRASS CLOCKWORK AUXILIARY ARM anchored above left shoulder, folded at rest. TWO identical parallel bows mounted together as one tandem mechanism secured vertically outside right side, clearly separated strings and double limbs. Measurement tools at belt, sturdy gray boots, analytical uncovered face, purely mechanical equipment.
shift	분절 절단사	높은 광대와 반쯤 민 검은 머리의 성인 여성. 한쪽 어깨만 큰 흰 보호판, 몸에 붙는 회색 작업복. 허리의 반달형 관절 레일과 넓은 네모 칼날이 연결된 분절 채찍.	단단한 네모 마디가 평소에는 반달 레일에 접혀 있다. 손목을 돌리면 각 마디가 차례로 펴져 측면을 크게 감싼다.	팔을 옆으로 크게 휘두름 → 분절 칼날이 순서대로 펼쳐짐 → 넓은 호를 따라 뒤쪽까지 감아치는 무속성 파동. 같은 레일로 회수.	좁은 잔해 틈의 철근을 잘라 구조하던 절단사. 정면에서 닿지 않는 곳에도 도구가 돌아 들어갈 길을 찾는다.	Lean adult female articulated-blade rescue cutter, high cheekbones, half-shaved black hair, ONE large ivory shoulder shield, close-fitting gray mechanic suit. Broad CRESCENT-SHAPED joint rail at hip holds a coiled segmented whip made of large rectangular silver blade links, individual hinges clearly visible. Small brass wrist rotary controller, asymmetrical white shin guards, graphite boots, alert human face, clean physical articulated construction.
phantom	평형 쌍날기사	키 크고 가는 남성, 귀 뒤로 묶은 흰 머리, 길게 내려오는 회색 눈썹. 갈라진 짧은 흰 코트, 등에 세로로 선 좁은 평형추 레일 두 줄. 굽은 낫 모양 칼날 두 개가 달린 긴 검.	검 뒤의 가동 칼날이 주 칼날을 조금 늦게 따라온다. 등 평형추가 무게를 받아 긴 쓸기 뒤에도 몸이 흐트러지지 않는다.	허리를 돌려 긴 횡베기 → 주 칼날 뒤에서 보조날이 접혀 펴짐 → 약한 후행 참격. 평형추 하강으로 복귀.	높은 철골 위에서 잔해를 해체하던 기사. 허공에 남는 두 번째 궤적 때문에 사람들이 유령이라고 불렀다.	Tall thin adult male counterweight blade knight, white hair tied behind ears, long gray eyebrows, short split ivory coat over fitted graphite armor. TWO narrow vertical counterweight rails on back extending above shoulders. Long sword with TWO curved sickle-like blade sections on one spine secured vertically outside left leg, visible brass hinge between the main and trailing blade. Slim weighted boots, restrained silver surfaces, calm visible human face.
blank	전개 방벽기사	넓은 체형의 여성, 아주 짧은 흰 머리와 각진 얼굴. 갑옷 전체가 커다란 무광 백색 판 여섯 장으로 이루어짐. 등에 병풍처럼 접힌 삼면 방벽, 양 팔뚝의 네모 충격 말뚝.	등 방벽의 여섯 패널이 벌어져 공기를 모으고 팔뚝 말뚝이 압력을 터뜨린다. 큰 백색 면 자체가 캐릭터의 고유 특징이다.	양팔을 바깥으로 밀어 방벽 전개 → 팔뚝 말뚝을 앞에 찍음 → 넓은 무속성 충격 구역. 패널을 접어 재압축.	피난소에 칸막이를 세우던 방벽 설계자. 빈 판이라고 불린 장비가 가장 많은 사람의 이름을 지켜 냈다.	Broad powerful adult female deployable-bulwark engineer, very short white hair, angular visible face. Armor built from SIX large smooth MATTE IVORY plates with graphite hinges. Three-section folding wall mounted on back like a folded screen, clear rectangular panels rising beside shoulders. Square pneumatic impact stakes mounted on both forearms, brass compression pistons, thick gray boots. Monumental clean white-plane silhouette with minimal ornament, solid fully clothed human character.
grey	시계추 집행관	키가 작고 단단한 노년 남성. 회색 중절모, 한쪽 눈의 접이식 세 겹 조준경, 짧은 흰 콧수염. 몸에 맞는 회색 코트, 가슴 아래로 매달린 큰 시계추, 다리 옆의 긴 사각 권총.	가슴 시계추의 진동이 조준경 중앙에 겹치는 순간이 발사 타이밍이다. 길고 네모난 총열은 정밀 단발의 인상을 준다.	목을 낮춰 세 겹 조준경 정렬 → 시계추가 중앙을 지날 때 단발 → 묵직한 반동 뒤 천천히 원위치. 높은 치명 효율의 단일 피해.	금고 잠금 장치를 검사하던 정밀 기술자. 평범한 한 발에 필요한 준비를 남들보다 오래 한다.	Short sturdy elderly male precision vault inspector, gray fedora, small white mustache, THREE folding concentric targeting lenses over one eye. Fitted gray knee-length coat, large visible brass CLOCK PENDULUM hanging below chest in a rigid ivory frame. Long square-barreled silver precision pistol secured vertically outside thigh in an open bracket. Polished black work boots, reserved sharp expression, distinctive pendulum and monocle silhouette.
null	일점 관통궁장	아주 키 큰 여성, 검은 머리를 높게 묶은 단정한 얼굴. 흰 세라믹 갑옷은 가슴과 정강이에만 있고 팔다리는 가는 회색 내피. 몸보다 넓게 휘어진 검은 활과 긴 은색 바늘 화살, 등에는 가느다란 직선 인장봉 두 개.	외형에서 장식을 지워 큰 활의 인장과 바늘촉만 남긴다. 두 인장봉이 활의 장력을 저장해 작은 점에 충격을 집중한다.	어깨를 고정하고 활을 천천히 만작 → 정지 한 박자 → 가는 고속 관통 화살. 방어·저항 일부 무시를 설계 목표로 둠.	두꺼운 금고 벽에 가장 작은 구멍을 내던 장인. 부수지 않고 통과하는 방법을 찾던 기록이 남아 있다.	Exceptionally tall slender bald adult female needle-penetration master archer, thin black measuring line above eyes, calm visible face. Minimal ivory ceramic armor only on chest and shins over a slim graphite bodysuit, fully solid body. Enormous clean BLACK recurve bow secured vertically beside body, extremely long silver needle arrows at hip. TWO thin straight tension rods rise behind shoulders. Restrained silver joints, flat boots, striking sparse architectural silhouette, purely mechanical tension system.
zero	연결의 총설계자	넓은 어깨의 중성적 장년 인물, 한쪽은 흰색 한쪽은 검은 짧은 머리. 백색 재킷과 흑연 흉갑, 등에서 부채처럼 벌어진 다섯 규격의 연결 단자. 허리에는 굵고 납작한 금속 마디 사슬, 끝에는 커다란 만능 결합구.	등 단자 다섯 개가 아군 장비의 출력을 전달받고, 사슬 마디가 그 힘을 끝의 결합구로 보낸다. 연료를 직접 만드는 장비는 없다.	인접 아군 쪽 단자가 켜짐 → 사슬을 크게 수평으로 휘두름 → 연결된 타입의 파동. 연결이 없으면 사슬의 물리 충격파.	서로 다른 도시 설비를 한 방어망으로 이은 창설자. 혼자 가장 강한 것보다 함께 작동하는 것을 완성품이라고 여긴다.	Legendary broad-shouldered androgynous mature master systems engineer, short hair split ivory on one side and black on the other, thoughtful fully visible human face. Ivory jacket over graphite breastplate, FIVE DIFFERENT connector sockets on rigid brackets fan out behind shoulders: round water coupler, square heat socket, hexagonal cold port, forked electric terminal, flat mechanical coupler. Thick flat articulated silver cable-chain neatly coiled at waist, huge universal coupling head docked outside thigh. Brass joints, solid boots, monumental functional mechanical silhouette, connectors inactive.
